{
  "accuracy": [
    0.15387780292120962,
    0.23205101830898991,
    0.46595350750874304
  ],
  "rounds": [
    0,
    1,
    2
  ]
}