{
  "accuracy": [
    0.004670169293636894,
    0.45650904845300644,
    0.48705973924888113
  ],
  "rounds": [
    0,
    1,
    2
  ]
}