{
  "accuracy": [
    0.2204709087371084,
    0.5870791982876046,
    0.5944736330025296
  ],
  "rounds": [
    0,
    1,
    2
  ]
}