{
  "accuracy": [
    0.20654186381403003,
    0.36124254268669,
    0.4725365151203456
  ],
  "rounds": [
    0,
    1,
    2
  ]
}