{
  "fedavg": {
    "acc_matrix": [
      [
        0.24849192449892976,
        NaN
      ],
      [
        0.0,
        0.5391894671878215
      ]
    ],
    "final_acc_per_task": [
      0.0,
      0.5391894671878215
    ],
    "max_acc_per_task": [
      0.24849192449892976,
      0.5391894671878215
    ],
    "task_names": [
      "mnist_0_4",
      "mnist_5_9"
    ]
  },
  "fedkdc-cl": {
    "acc_matrix": [
      [
        0.545826036193812,
        NaN
      ],
      [
        0.0,
        0.2647603373791401
      ]
    ],
    "final_acc_per_task": [
      0.0,
      0.2647603373791401
    ],
    "max_acc_per_task": [
      0.545826036193812,
      0.2647603373791401
    ],
    "task_names": [
      "mnist_0_4",
      "mnist_5_9"
    ]
  }
}