{
  "average_forgetting": 0.12424596224946488,
  "backward_transfer": -0.24849192449892976,
  "final_average_accuracy": 0.26959473359391073,
  "forgetting_per_task": {
    "mnist_0_4": 0.24849192449892976,
    "mnist_5_9": 0.0
  },
  "task_wise_accuracy_final": {
    "mnist_0_4": 0.0,
    "mnist_5_9": 0.5391894671878215
  }
}