{
  "accuracy": [
    0.15387780292120962,
    0.926558321333059,
    0.9483645340464925
  ],
  "rounds": [
    0,
    1,
    2
  ]
}