{
  "accuracy": [
    0.004670169293636894,
    0.9678925861062464,
    0.9854057209573847
  ],
  "rounds": [
    0,
    1,
    2
  ]
}