{
  "accuracy": [
    0.2204709087371084,
    0.9750924304339366,
    0.981903093987157
  ],
  "rounds": [
    0,
    1,
    2
  ]
}