{
  "accuracy": [
    0.20654186381403003,
    0.7706233285332236,
    0.9275869162723719
  ],
  "rounds": [
    0,
    1,
    2
  ]
}