{
  "accuracy": [
    0.04884218719595252,
    0.04884218719595252
  ],
  "rounds": [
    0,
    1
  ]
}