{
  "accuracy": [
    0.15387780292120962,
    0.20037029417815264,
    0.5391894671878215
  ],
  "rounds": [
    0,
    1,
    2
  ]
}