{
  "accuracy": [
    0.004670169293636894,
    0.38178633975481613,
    0.24849192449892976
  ],
  "rounds": [
    0,
    1,
    2
  ]
}