{
  "accuracy": [
    0.2204709087371084,
    0.5440747227086982,
    0.545826036193812
  ],
  "rounds": [
    0,
    1,
    2
  ]
}