{
  "accuracy": [
    0.20654186381403003,
    0.35753960090516357,
    0.2647603373791401
  ],
  "rounds": [
    0,
    1,
    2
  ]
}