{
  "accuracy": [
    0.004670169293636894,
    0.6553804242070441,
    0.8931698774080561
  ],
  "rounds": [
    0,
    1,
    2
  ]
}