{
  "accuracy": [
    0.15387780292120962,
    0.5846533635054516,
    0.7095247891380374
  ],
  "rounds": [
    0,
    1,
    2
  ]
}