{
  "accuracy": [
    0.2204709087371084,
    0.6024518388791593,
    0.7742751508075502
  ],
  "rounds": [
    0,
    1,
    2
  ]
}