{
  "accuracy": [
    0.20654186381403003,
    0.5616128368648426,
    0.6076938901460605
  ],
  "rounds": [
    0,
    1,
    2
  ]
}