{
  "accuracy": [
    0.15387780292120962,
    0.36473976548035386,
    0.5274634848796544
  ],
  "rounds": [
    0,
    1,
    2
  ]
}