{
  "accuracy": [
    0.004670169293636894,
    0.21443860673282739,
    0.8838295388207823
  ],
  "rounds": [
    0,
    1,
    2
  ]
}