{
  "accuracy": [
    0.2204709087371084,
    0.5069079587468379,
    0.7585133294415256
  ],
  "rounds": [
    0,
    1,
    2
  ]
}