{
  "accuracy": [
    0.20654186381403003,
    0.21147911952273196,
    0.622094219296441
  ],
  "rounds": [
    0,
    1,
    2
  ]
}