{
  "accuracy": [
    0.15387780292120962,
    0.5112116848385106,
    0.2912980868134129
  ],
  "rounds": [
    0,
    1,
    2
  ]
}