{
  "accuracy": [
    0.004670169293636894,
    0.20081727962638646,
    0.41058571706557695
  ],
  "rounds": [
    0,
    1,
    2
  ]
}