{
  "accuracy": [
    0.15387780292120962,
    0.5823904546389632,
    0.3976548035383666
  ],
  "rounds": [
    0,
    1,
    2
  ]
}