{
  "accuracy": [
    0.004670169293636894,
    0.9604981513913212,
    0.9791788285658688
  ],
  "rounds": [
    0,
    1,
    2
  ]
}