{
  "accuracy": [
    0.20654186381403003,
    0.28759514503188643,
    0.3600082287595145
  ],
  "rounds": [
    0,
    1,
    2
  ]
}