{
  "accuracy": [
    0.2204709087371084,
    0.9803463708892781,
    0.9857949017318545
  ],
  "rounds": [
    0,
    1,
    2
  ]
}