{
  "acc_matrix": [
    [
      0.9791788285658688,
      NaN
    ],
    [
      0.0,
      0.3976548035383666
    ]
  ],
  "final_acc_per_task": [
    0.0,
    0.3976548035383666
  ],
  "max_acc_per_task": [
    0.9791788285658688,
    0.3976548035383666
  ],
  "task_names": [
    "mnist_0_4",
    "mnist_5_9"
  ]
}