{
  "acc_matrix": [
    [
      0.9857949017318545,
      NaN
    ],
    [
      0.0,
      0.3600082287595145
    ]
  ],
  "final_acc_per_task": [
    0.0,
    0.3600082287595145
  ],
  "max_acc_per_task": [
    0.9857949017318545,
    0.3600082287595145
  ],
  "task_names": [
    "mnist_0_4",
    "mnist_5_9"
  ]
}