{
  "accuracy": [
    0.06907958746837906,
    0.06907958746837906
  ],
  "rounds": [
    0,
    1
  ]
}