{
  "fedavg": {
    "average_forgetting": 0.47742751508075504,
    "backward_transfer": -0.9548550301615101,
    "final_average_accuracy": 0.24079407529314956,
    "forgetting_per_task": {
      "mnist_0_4": 0.9548550301615101,
      "mnist_5_9": 0.0
    },
    "task_wise_accuracy_final": {
      "mnist_0_4": 0.0,
      "mnist_5_9": 0.4815881505862991
    }
  },
  "fedkdc-cl": {
    "average_forgetting": 0.4865732632807939,
    "backward_transfer": -0.9731465265615878,
    "final_average_accuracy": 0.341390660357951,
    "forgetting_per_task": {
      "mnist_0_4": 0.9731465265615878,
      "mnist_5_9": 0.0
    },
    "task_wise_accuracy_final": {
      "mnist_0_4": 0.0,
      "mnist_5_9": 0.682781320715902
    }
  }
}