{
  "acc_matrix": [
    [
      0.9548550301615101,
      NaN
    ],
    [
      0.0,
      0.4815881505862991
    ]
  ],
  "final_acc_per_task": [
    0.0,
    0.4815881505862991
  ],
  "max_acc_per_task": [
    0.9548550301615101,
    0.4815881505862991
  ],
  "task_names": [
    "mnist_0_4",
    "mnist_5_9"
  ]
}