{
  "acc_matrix": [
    [
      0.9731465265615878,
      NaN
    ],
    [
      0.0,
      0.682781320715902
    ]
  ],
  "final_acc_per_task": [
    0.0,
    0.682781320715902
  ],
  "max_acc_per_task": [
    0.9731465265615878,
    0.682781320715902
  ],
  "task_names": [
    "mnist_0_4",
    "mnist_5_9"
  ]
}