{
  "acc_matrix": [
    [
      0.20081727962638646,
      NaN
    ],
    [
      0.0,
      0.3307961324830282
    ]
  ],
  "final_acc_per_task": [
    0.0,
    0.3307961324830282
  ],
  "max_acc_per_task": [
    0.20081727962638646,
    0.3307961324830282
  ],
  "task_names": [
    "mnist_0_4",
    "mnist_5_9"
  ]
}