{
  "acc_matrix": [
    [
      0.8626191866121814,
      NaN
    ],
    [
      0.0,
      0.6521291915243776
    ]
  ],
  "final_acc_per_task": [
    0.0,
    0.6521291915243776
  ],
  "max_acc_per_task": [
    0.8626191866121814,
    0.6521291915243776
  ],
  "task_names": [
    "mnist_0_4",
    "mnist_5_9"
  ]
}