{
  "acc_matrix": [
    [
      0.7417785561393268,
      NaN
    ],
    [
      0.0,
      0.6068710141946102
    ]
  ],
  "final_acc_per_task": [
    0.0,
    0.6068710141946102
  ],
  "max_acc_per_task": [
    0.7417785561393268,
    0.6068710141946102
  ],
  "task_names": [
    "mnist_0_4",
    "mnist_5_9"
  ]
}