{
  "accuracy": [
    0.15387780292120962,
    0.4713022011931701,
    0.3412878008640198
  ],
  "rounds": [
    0,
    1,
    2
  ]
}