{
  "accuracy": [
    0.004670169293636894,
    0.20081727962638646,
    0.398521113057015
  ],
  "rounds": [
    0,
    1,
    2
  ]
}