{
  "accuracy": [
    0.2204709087371084,
    0.19108776026464291,
    0.19108776026464291
  ],
  "rounds": [
    0,
    1,
    2
  ]
}