{
  "accuracy": [
    0.20654186381403003,
    0.3628882945895906,
    0.379345813618597
  ],
  "rounds": [
    0,
    1,
    2
  ]
}