{
  "fedavg": {
    "acc_matrix": [
      [
        0.9854057209573847,
        NaN
      ],
      [
        0.0,
        0.9483645340464925
      ]
    ],
    "final_acc_per_task": [
      0.0,
      0.9483645340464925
    ],
    "max_acc_per_task": [
      0.9854057209573847,
      0.9483645340464925
    ],
    "task_names": [
      "mnist_0_4",
      "mnist_5_9"
    ]
  },
  "fedkdc-cl": {
    "acc_matrix": [
      [
        0.981903093987157,
        NaN
      ],
      [
        0.0,
        0.9275869162723719
      ]
    ],
    "final_acc_per_task": [
      0.0,
      0.9275869162723719
    ],
    "max_acc_per_task": [
      0.981903093987157,
      0.9275869162723719
    ],
    "task_names": [
      "mnist_0_4",
      "mnist_5_9"
    ]
  }
}