{
  "acc_matrix": [
    [
      0.9854057209573847,
      NaN
    ],
    [
      0.0,
      0.9483645340464925
    ]
  ],
  "final_acc_per_task": [
    0.0,
    0.9483645340464925
  ],
  "max_acc_per_task": [
    0.9854057209573847,
    0.9483645340464925
  ],
  "task_names": [
    "mnist_0_4",
    "mnist_5_9"
  ]
}