{
  "average_forgetting": 0.47840046701692934,
  "backward_transfer": -0.9568009340338587,
  "final_average_accuracy": 0.43560995679901254,
  "forgetting_per_task": {
    "mnist_0_4": 0.9568009340338587,
    "mnist_5_9": 0.0
  },
  "task_wise_accuracy_final": {
    "mnist_0_4": 0.0,
    "mnist_5_9": 0.8712199135980251
  }
}