{
  "acc_matrix": [
    [
      0.9568009340338587,
      NaN
    ],
    [
      0.0,
      0.8712199135980251
    ]
  ],
  "final_acc_per_task": [
    0.0,
    0.8712199135980251
  ],
  "max_acc_per_task": [
    0.9568009340338587,
    0.8712199135980251
  ],
  "task_names": [
    "mnist_0_4",
    "mnist_5_9"
  ]
}