{
  "acc_matrix": [
    [
      0.9120451449698385,
      NaN
    ],
    [
      0.0,
      0.8568195844476445
    ]
  ],
  "final_acc_per_task": [
    0.0,
    0.8568195844476445
  ],
  "max_acc_per_task": [
    0.9120451449698385,
    0.8568195844476445
  ],
  "task_names": [
    "mnist_0_4",
    "mnist_5_9"
  ]
}