{
  "accuracy": [
    0.004670169293636894,
    0.9747032496594669,
    0.9610819225530259
  ],
  "rounds": [
    0,
    1,
    2
  ]
}