{
  "accuracy": [
    0.15387780292120962,
    0.6801069738736886,
    0.8399506274429129
  ],
  "rounds": [
    0,
    1,
    2
  ]
}