{
  "accuracy": [
    0.2204709087371084,
    0.9196341700719984,
    0.9737302977232924
  ],
  "rounds": [
    0,
    1,
    2
  ]
}