{
  "accuracy": [
    0.20654186381403003,
    0.7148734828224645,
    0.8555852705204691
  ],
  "rounds": [
    0,
    1,
    2
  ]
}