{
  "fedavg": {
    "acc_matrix": [
      [
        0.08036582992800155,
        NaN
      ],
      [
        0.001945903872348706,
        0.19090722073647398
      ]
    ],
    "final_acc_per_task": [
      0.001945903872348706,
      0.19090722073647398
    ],
    "max_acc_per_task": [
      0.08036582992800155,
      0.19090722073647398
    ],
    "task_names": [
      "mnist_0_4",
      "mnist_5_9"
    ]
  },
  "fedkdc-cl": {
    "acc_matrix": [
      [
        0.014010507880910683,
        NaN
      ],
      [
        0.20081727962638646,
        0.0
      ]
    ],
    "final_acc_per_task": [
      0.20081727962638646,
      0.0
    ],
    "max_acc_per_task": [
      0.20081727962638646,
      0.0
    ],
    "task_names": [
      "mnist_0_4",
      "mnist_5_9"
    ]
  }
}