{
  "acc_matrix": [
    [
      0.014010507880910683,
      NaN
    ],
    [
      0.20081727962638646,
      0.0
    ]
  ],
  "final_acc_per_task": [
    0.20081727962638646,
    0.0
  ],
  "max_acc_per_task": [
    0.20081727962638646,
    0.0
  ],
  "task_names": [
    "mnist_0_4",
    "mnist_5_9"
  ]
}