{
  "accuracy": [
    0.15387780292120962,
    0.45484468216416374,
    0.8831516148940547
  ],
  "rounds": [
    0,
    1,
    2
  ]
}