{
  "accuracy": [
    0.004670169293636894,
    0.4771356294999027,
    0.9211908931698775
  ],
  "rounds": [
    0,
    1,
    2
  ]
}