{
  "accuracy": [
    0.20654186381403003,
    0.5155317835836247,
    0.8399506274429129
  ],
  "rounds": [
    0,
    1,
    2
  ]
}