{
  "accuracy": [
    0.2204709087371084,
    0.8200038918077447,
    0.9295582798209768
  ],
  "rounds": [
    0,
    1,
    2
  ]
}