{
  "accuracy": [
    0.004670169293636894,
    0.795485503016151,
    0.9568009340338587
  ],
  "rounds": [
    0,
    1,
    2
  ]
}