{
  "accuracy": [
    0.15387780292120962,
    0.3713227730919564,
    0.8712199135980251
  ],
  "rounds": [
    0,
    1,
    2
  ]
}