{
  "accuracy": [
    0.20654186381403003,
    0.6017280394980457,
    0.8568195844476445
  ],
  "rounds": [
    0,
    1,
    2
  ]
}