{
  "accuracy": [
    0.2204709087371084,
    0.8275929169099047,
    0.9120451449698385
  ],
  "rounds": [
    0,
    1,
    2
  ]
}