{
  "accuracy": [
    0.0,
    0.39724336556264145,
    0.3307961324830282
  ],
  "rounds": [
    0,
    1,
    2
  ]
}