{
  "accuracy": [
    0.0,
    0.20081727962638646,
    0.20081727962638646
  ],
  "rounds": [
    0,
    1,
    2
  ]
}