{
  "accuracy": [
    0.20037029417815264,
    0.20037029417815264,
    0.20037029417815264
  ],
  "rounds": [
    0,
    1,
    2
  ]
}