{
  "accuracy": [
    0.0007783615489394824,
    0.0007783615489394824,
    0.0007783615489394824
  ],
  "rounds": [
    0,
    1,
    2
  ]
}