{
  "accuracy": [
    0.004670169293636894,
    0.9737302977232924,
    0.974314068884997,
    0.9920217941233703,
    0.9926055652850749,
    0.966919634170072,
    0.9920217941233703,
    0.9951352403191283,
    0.9892975287020821,
    0.9933839268340144,
    0.9966919634170072
  ],
  "rounds": [
    0,
    1,
    2,
    3,
    4,
    5,
    6,
    7,
    8,
    9,
    10
  ]
}