{
  "accuracy": [
    0.0024686278543509564,
    0.26146883357333883,
    0.8280189261468833,
    0.5965850648014812,
    0.9144209010491668,
    0.9201810327093191,
    0.8555852705204691,
    0.9572104505245834,
    0.8566138654597819,
    0.9224439415758074,
    0.9656449290269492
  ],
  "rounds": [
    0,
    1,
    2,
    3,
    4,
    5,
    6,
    7,
    8,
    9,
    10
  ]
}