{
  "accuracy": [
    0.15387780292120962,
    0.5099773709113351,
    0.6521291915243776
  ],
  "rounds": [
    0,
    1,
    2
  ]
}