{
  "accuracy": [
    0.004670169293636894,
    0.37419731465265615,
    0.8626191866121814
  ],
  "rounds": [
    0,
    1,
    2
  ]
}