{
  "accuracy": [
    0.20654186381403003,
    0.44867311252828634,
    0.6068710141946102
  ],
  "rounds": [
    0,
    1,
    2
  ]
}