{
  "accuracy": [
    0.2204709087371084,
    0.5709281961471103,
    0.7417785561393268
  ],
  "rounds": [
    0,
    1,
    2
  ]
}