{
  "fedavg": {
    "average_forgetting": 0.46059544658493873,
    "backward_transfer": -0.9211908931698775,
    "final_average_accuracy": 0.44157580744702735,
    "forgetting_per_task": {
      "mnist_0_4": 0.9211908931698775,
      "mnist_5_9": 0.0
    },
    "task_wise_accuracy_final": {
      "mnist_0_4": 0.0,
      "mnist_5_9": 0.8831516148940547
    }
  },
  "fedkdc-cl": {
    "average_forgetting": 0.4647791399104884,
    "backward_transfer": -0.9295582798209768,
    "final_average_accuracy": 0.41997531372145647,
    "forgetting_per_task": {
      "mnist_0_4": 0.9295582798209768,
      "mnist_5_9": 0.0
    },
    "task_wise_accuracy_final": {
      "mnist_0_4": 0.0,
      "mnist_5_9": 0.8399506274429129
    }
  }
}