{
  "acc_matrix": [
    [
      0.9211908931698775,
      NaN
    ],
    [
      0.0,
      0.8831516148940547
    ]
  ],
  "final_acc_per_task": [
    0.0,
    0.8831516148940547
  ],
  "max_acc_per_task": [
    0.9211908931698775,
    0.8831516148940547
  ],
  "task_names": [
    "mnist_0_4",
    "mnist_5_9"
  ]
}