{
  "accuracy": [
    0.004670169293636894,
    0.9005643121229812,
    0.9562171628721541
  ],
  "rounds": [
    0,
    1,
    2
  ]
}