{
  "accuracy": [
    0.15387780292120962,
    0.45607899609133923,
    0.868339847767949
  ],
  "rounds": [
    0,
    1,
    2
  ]
}