{
  "accuracy": [
    0.20654186381403003,
    0.6745525612013988,
    0.7823493108413907
  ],
  "rounds": [
    0,
    1,
    2
  ]
}