{
  "accuracy": [
    0.2204709087371084,
    0.8873321657910099,
    0.9348122202763184
  ],
  "rounds": [
    0,
    1,
    2
  ]
}