{
  "accuracy": [
    0.004670169293636894,
    0.004670169293636894,
    0.004670169293636894
  ],
  "rounds": [
    0,
    1,
    2
  ]
}