{
  "accuracy": [
    0.16272371939930055,
    0.16272371939930055,
    0.16272371939930055
  ],
  "rounds": [
    0,
    1,
    2
  ]
}