{
  "average_forgetting": 0.44191476941039115,
  "backward_transfer": -0.8838295388207823,
  "final_average_accuracy": 0.2637317424398272,
  "forgetting_per_task": {
    "mnist_0_4": 0.8838295388207823,
    "mnist_5_9": 0.0
  },
  "task_wise_accuracy_final": {
    "mnist_0_4": 0.0,
    "mnist_5_9": 0.5274634848796544
  }
}