{
  "acc_matrix": [
    [
      0.8838295388207823,
      NaN
    ],
    [
      0.0,
      0.5274634848796544
    ]
  ],
  "final_acc_per_task": [
    0.0,
    0.5274634848796544
  ],
  "max_acc_per_task": [
    0.8838295388207823,
    0.5274634848796544
  ],
  "task_names": [
    "mnist_0_4",
    "mnist_5_9"
  ]
}