{
  "acc_matrix": [
    [
      0.7585133294415256,
      NaN
    ],
    [
      0.0,
      0.622094219296441
    ]
  ],
  "final_acc_per_task": [
    0.0,
    0.622094219296441
  ],
  "max_acc_per_task": [
    0.7585133294415256,
    0.622094219296441
  ],
  "task_names": [
    "mnist_0_4",
    "mnist_5_9"
  ]
}