{
  "accuracy": [
    0.005643121229811247,
    0.005643121229811247
  ],
  "rounds": [
    0,
    1
  ]
}