{
  "acc_matrix": [
    [
      0.48705973924888113,
      NaN
    ],
    [
      0.0,
      0.46595350750874304
    ]
  ],
  "final_acc_per_task": [
    0.0,
    0.46595350750874304
  ],
  "max_acc_per_task": [
    0.48705973924888113,
    0.46595350750874304
  ],
  "task_names": [
    "mnist_0_4",
    "mnist_5_9"
  ]
}