{
  "acc_matrix": [
    [
      0.9562171628721541,
      NaN
    ],
    [
      0.0,
      0.868339847767949
    ]
  ],
  "final_acc_per_task": [
    0.0,
    0.868339847767949
  ],
  "max_acc_per_task": [
    0.9562171628721541,
    0.868339847767949
  ],
  "task_names": [
    "mnist_0_4",
    "mnist_5_9"
  ]
}