{
  "average_forgetting": 0.4674061101381592,
  "backward_transfer": -0.9348122202763184,
  "final_average_accuracy": 0.39117465542069535,
  "forgetting_per_task": {
    "mnist_0_4": 0.9348122202763184,
    "mnist_5_9": 0.0
  },
  "task_wise_accuracy_final": {
    "mnist_0_4": 0.0,
    "mnist_5_9": 0.7823493108413907
  }
}