{
  "acc_matrix": [
    [
      0.41058571706557695,
      NaN
    ],
    [
      0.0,
      0.2912980868134129
    ]
  ],
  "final_acc_per_task": [
    0.0,
    0.2912980868134129
  ],
  "max_acc_per_task": [
    0.41058571706557695,
    0.2912980868134129
  ],
  "task_names": [
    "mnist_0_4",
    "mnist_5_9"
  ]
}