{
  "fedavg": {
    "acc_matrix": [
      [
        0.8931698774080561,
        NaN
      ],
      [
        0.0,
        0.7095247891380374
      ]
    ],
    "final_acc_per_task": [
      0.0,
      0.7095247891380374
    ],
    "max_acc_per_task": [
      0.8931698774080561,
      0.7095247891380374
    ],
    "task_names": [
      "mnist_0_4",
      "mnist_5_9"
    ]
  },
  "fedkdc-cl": {
    "acc_matrix": [
      [
        0.7742751508075502,
        NaN
      ],
      [
        0.0,
        0.6076938901460605
      ]
    ],
    "final_acc_per_task": [
      0.0,
      0.6076938901460605
    ],
    "max_acc_per_task": [
      0.7742751508075502,
      0.6076938901460605
    ],
    "task_names": [
      "mnist_0_4",
      "mnist_5_9"
    ]
  }
}