{
  "acc_matrix": [
    [
      0.7742751508075502,
      NaN
    ],
    [
      0.0,
      0.6076938901460605
    ]
  ],
  "final_acc_per_task": [
    0.0,
    0.6076938901460605
  ],
  "max_acc_per_task": [
    0.7742751508075502,
    0.6076938901460605
  ],
  "task_names": [
    "mnist_0_4",
    "mnist_5_9"
  ]
}