{
  "accuracy": [
    0.004670169293636894,
    0.9741194784977623,
    0.9832652266978011
  ],
  "rounds": [
    0,
    1,
    2
  ]
}