{
  "accuracy": [
    0.15387780292120962,
    0.9267640403209216,
    0.970582184735651
  ],
  "rounds": [
    0,
    1,
    2
  ]
}