{
  "accuracy": [
    0.2204709087371084,
    0.9727573457871181,
    0.9782058766296945
  ],
  "rounds": [
    0,
    1,
    2
  ]
}