{
  "accuracy": [
    0.20654186381403003,
    0.9421929644106151,
    0.9539189467187822
  ],
  "rounds": [
    0,
    1,
    2
  ]
}