{
  "acc_matrix": [
    [
      0.08036582992800155,
      NaN
    ],
    [
      0.001945903872348706,
      0.19090722073647398
    ]
  ],
  "final_acc_per_task": [
    0.001945903872348706,
    0.19090722073647398
  ],
  "max_acc_per_task": [
    0.08036582992800155,
    0.19090722073647398
  ],
  "task_names": [
    "mnist_0_4",
    "mnist_5_9"
  ]
}