{
  "fedavg": {
    "average_forgetting": 0.1992605565285075,
    "backward_transfer": -0.398521113057015,
    "final_average_accuracy": 0.1706439004320099,
    "forgetting_per_task": {
      "mnist_0_4": 0.398521113057015,
      "mnist_5_9": 0.0
    },
    "task_wise_accuracy_final": {
      "mnist_0_4": 0.0,
      "mnist_5_9": 0.3412878008640198
    }
  },
  "fedkdc-cl": {
    "average_forgetting": 0.09554388013232146,
    "backward_transfer": -0.19108776026464291,
    "final_average_accuracy": 0.1896729068092985,
    "forgetting_per_task": {
      "mnist_0_4": 0.19108776026464291,
      "mnist_5_9": 0.0
    },
    "task_wise_accuracy_final": {
      "mnist_0_4": 0.0,
      "mnist_5_9": 0.379345813618597
    }
  }
}