{
  "fedavg": {
    "acc_matrix": [
      [
        0.398521113057015,
        NaN
      ],
      [
        0.0,
        0.3412878008640198
      ]
    ],
    "final_acc_per_task": [
      0.0,
      0.3412878008640198
    ],
    "max_acc_per_task": [
      0.398521113057015,
      0.3412878008640198
    ],
    "task_names": [
      "mnist_0_4",
      "mnist_5_9"
    ]
  },
  "fedkdc-cl": {
    "acc_matrix": [
      [
        0.19108776026464291,
        NaN
      ],
      [
        0.0,
        0.379345813618597
      ]
    ],
    "final_acc_per_task": [
      0.0,
      0.379345813618597
    ],
    "max_acc_per_task": [
      0.19108776026464291,
      0.379345813618597
    ],
    "task_names": [
      "mnist_0_4",
      "mnist_5_9"
    ]
  }
}