{
  "acc_matrix": [
    [
      0.398521113057015,
      NaN
    ],
    [
      0.0,
      0.3412878008640198
    ]
  ],
  "final_acc_per_task": [
    0.0,
    0.3412878008640198
  ],
  "max_acc_per_task": [
    0.398521113057015,
    0.3412878008640198
  ],
  "task_names": [
    "mnist_0_4",
    "mnist_5_9"
  ]
}