{
  "acc_matrix": [
    [
      0.19108776026464291,
      NaN
    ],
    [
      0.0,
      0.379345813618597
    ]
  ],
  "final_acc_per_task": [
    0.0,
    0.379345813618597
  ],
  "max_acc_per_task": [
    0.19108776026464291,
    0.379345813618597
  ],
  "task_names": [
    "mnist_0_4",
    "mnist_5_9"
  ]
}