{
  "fedavg": {
    "acc_matrix": [
      [
        0.9610819225530259,
        NaN
      ],
      [
        0.0,
        0.8399506274429129
      ]
    ],
    "final_acc_per_task": [
      0.0,
      0.8399506274429129
    ],
    "max_acc_per_task": [
      0.9610819225530259,
      0.8399506274429129
    ],
    "task_names": [
      "mnist_0_4",
      "mnist_5_9"
    ]
  },
  "fedkdc-cl": {
    "acc_matrix": [
      [
        0.9737302977232924,
        NaN
      ],
      [
        0.0,
        0.8555852705204691
      ]
    ],
    "final_acc_per_task": [
      0.0,
      0.8555852705204691
    ],
    "max_acc_per_task": [
      0.9737302977232924,
      0.8555852705204691
    ],
    "task_names": [
      "mnist_0_4",
      "mnist_5_9"
    ]
  }
}