{
  "acc_matrix": [
    [
      0.9832652266978011,
      NaN
    ],
    [
      0.0,
      0.970582184735651
    ]
  ],
  "final_acc_per_task": [
    0.0,
    0.970582184735651
  ],
  "max_acc_per_task": [
    0.9832652266978011,
    0.970582184735651
  ],
  "task_names": [
    "mnist_0_4",
    "mnist_5_9"
  ]
}