{
  "acc_matrix": [
    [
      0.9782058766296945,
      NaN
    ],
    [
      0.0,
      0.9539189467187822
    ]
  ],
  "final_acc_per_task": [
    0.0,
    0.9539189467187822
  ],
  "max_acc_per_task": [
    0.9782058766296945,
    0.9539189467187822
  ],
  "task_names": [
    "mnist_0_4",
    "mnist_5_9"
  ]
}