{
  "accuracy": [
    0.004670169293636894,
    0.9451255107997665,
    0.9548550301615101
  ],
  "rounds": [
    0,
    1,
    2
  ]
}