{
  "accuracy": [
    0.15387780292120962,
    0.5052458341904957,
    0.4815881505862991
  ],
  "rounds": [
    0,
    1,
    2
  ]
}