{
  "accuracy": [
    0.2204709087371084,
    0.9161315431017708,
    0.9731465265615878
  ],
  "rounds": [
    0,
    1,
    2
  ]
}