{
  "accuracy": [
    0.20654186381403003,
    0.4704793252417198,
    0.682781320715902
  ],
  "rounds": [
    0,
    1,
    2
  ]
}