{
  "accuracy": [
    0.004670169293636894,
    0.9474605954465849,
    0.9480443666082895,
    0.9922163845106052,
    0.9931893364467795,
    0.9589414282934423,
    0.9918272037361354,
    0.9947460595446584,
    0.9785950574041642,
    0.9912434325744308,
    0.9968865538042421
  ],
  "rounds": [
    0,
    1,
    2,
    3,
    4,
    5,
    6,
    7,
    8,
    9,
    10
  ]
}