{
  "accuracy": [
    0.0024686278543509564,
    0.25529726393746144,
    0.8341904957827607,
    0.5978193787286566,
    0.9214153466364946,
    0.9261468833573339,
    0.8868545566755811,
    0.957416169512446,
    0.8368648426249743,
    0.9275869162723719,
    0.9625591442090105
  ],
  "rounds": [
    0,
    1,
    2,
    3,
    4,
    5,
    6,
    7,
    8,
    9,
    10
  ]
}